metric,value
wer,0.15144880699869823
bleu,77.7204173345261
