metric,value
wer,0.17755737421369333
bleu,72.79968768247234
