metric,value
wer,0.3484374004315014
bleu,59.05152299577147
