metric,value
wer,0.32611129823667034
bleu,62.47041111433234
